<?xml version="1.0"?>
<Data xmlns:xsd="http://www.w3.org/2001/XMLSchema" xmlns:xsi="http://www.w3.org/2001/XMLSchema-instance">
  <Questions>
    <Question>
      <Info>was ist essen</Info>
      <Answers>
        <Answer>
          <Info>stein</Info>
          <IsCorrect>false</IsCorrect>
        </Answer>
        <Answer>
          <Info>Baum</Info>
          <IsCorrect>false</IsCorrect>
        </Answer>
        <Answer>
          <Info>Apfel</Info>
          <IsCorrect>true</IsCorrect>
        </Answer>
        <Answer>
          <Info>Birne</Info>
          <IsCorrect>true</IsCorrect>
        </Answer>
      </Answers>
      <UseTimer>false</UseTimer>
      <Timer>0</Timer>
      <Type>Multi</Type>
      <AddScore>20</AddScore>
    </Question>
    <Question>
      <Info>Haus reimt sich auf</Info>
      <Answers>
        <Answer>
          <Info>Giraffe</Info>
          <IsCorrect>false</IsCorrect>
        </Answer>
        <Answer>
          <Info>Mama</Info>
          <IsCorrect>false</IsCorrect>
        </Answer>
        <Answer>
          <Info>Hund</Info>
          <IsCorrect>false</IsCorrect>
        </Answer>
        <Answer>
          <Info>Maus</Info>
          <IsCorrect>true</IsCorrect>
        </Answer>
      </Answers>
      <UseTimer>false</UseTimer>
      <Timer>0</Timer>
      <Type>Single</Type>
      <AddScore>10</AddScore>
    </Question>
    <Question>
      <Info>Was machen wir</Info>
      <Answers>
        <Answer>
          <Info>Sandburg</Info>
          <IsCorrect>false</IsCorrect>
        </Answer>
        <Answer>
          <Info>Gipsskulpturen</Info>
          <IsCorrect>false</IsCorrect>
        </Answer>
        <Answer>
          <Info>ein Quiz</Info>
          <IsCorrect>true</IsCorrect>
        </Answer>
        <Answer>
          <Info>Hab verschlafen...Was?</Info>
          <IsCorrect>false</IsCorrect>
        </Answer>
      </Answers>
      <UseTimer>false</UseTimer>
      <Timer>0</Timer>
      <Type>Single</Type>
      <AddScore>10</AddScore>
    </Question>
    <Question>
      <Info>was ist 4-2</Info>
      <Answers>
        <Answer>
          <Info>3</Info>
          <IsCorrect>false</IsCorrect>
        </Answer>
        <Answer>
          <Info>5</Info>
          <IsCorrect>false</IsCorrect>
        </Answer>
        <Answer>
          <Info>1</Info>
          <IsCorrect>false</IsCorrect>
        </Answer>
        <Answer>
          <Info>2</Info>
          <IsCorrect>true</IsCorrect>
        </Answer>
      </Answers>
      <UseTimer>true</UseTimer>
      <Timer>30</Timer>
      <Type>Single</Type>
      <AddScore>10</AddScore>
    </Question>
    <Question>
      <Info>Was studieren wir</Info>
      <Answers>
        <Answer>
          <Info>Informatik</Info>
          <IsCorrect>false</IsCorrect>
        </Answer>
        <Answer>
          <Info>Buisness Management and Administration</Info>
          <IsCorrect>false</IsCorrect>
        </Answer>
        <Answer>
          <Info>Wirtschaftsinformatik</Info>
          <IsCorrect>true</IsCorrect>
        </Answer>
        <Answer>
          <Info>Weiß nicht</Info>
          <IsCorrect>false</IsCorrect>
        </Answer>
      </Answers>
      <UseTimer>true</UseTimer>
      <Timer>20</Timer>
      <Type>Multi</Type>
      <AddScore>20</AddScore>
    </Question>
  </Questions>
</Data>