<?xml version="1.0"?>
<Data xmlns:xsd="http://www.w3.org/2001/XMLSchema" xmlns:xsi="http://www.w3.org/2001/XMLSchema-instance">
  <Questions>
    <Question>
      <Info>abc</Info>
      <Answers>
        <Answer>
          <Info>a</Info>
          <IsCorrect>true</IsCorrect>
        </Answer>
        <Answer>
          <Info>b</Info>
          <IsCorrect>false</IsCorrect>
        </Answer>
        <Answer>
          <Info>c</Info>
          <IsCorrect>false</IsCorrect>
        </Answer>
        <Answer>
          <Info>Sun</Info>
          <IsCorrect>false</IsCorrect>
        </Answer>
      </Answers>
      <UseTimer>false</UseTimer>
      <Timer>0</Timer>
      <Type>Multi</Type>
      <AddScore>20</AddScore>
    </Question>
    <Question>
      <Info>TFT is a</Info>
      <Answers>
        <Answer>
          <Info>RTS</Info>
          <IsCorrect>false</IsCorrect>
        </Answer>
        <Answer>
          <Info>FPS</Info>
          <IsCorrect>true</IsCorrect>
        </Answer>
        <Answer>
          <Info>RPG</Info>
          <IsCorrect>false</IsCorrect>
        </Answer>
        <Answer>
          <Info>Puzzle</Info>
          <IsCorrect>false</IsCorrect>
        </Answer>
      </Answers>
      <UseTimer>false</UseTimer>
      <Timer>0</Timer>
      <Type>Single</Type>
      <AddScore>20</AddScore>
    </Question>
  </Questions>
</Data>